<?xml version="1.0" encoding="UTF-8"?>
<project-private xmlns="http://www.netbeans.org/ns/project-private/1">
    <editor-bookmarks xmlns="http://www.netbeans.org/ns/editor-bookmarks/2" lastBookmarkId="0"/>
    <open-files xmlns="http://www.netbeans.org/ns/projectui-open-files/2">
        <group>
            <file>file:/D:/gym/gym/src/Home.java</file>
            <file>file:/D:/gym/gym/src/Login.java</file>
            <file>file:/D:/gym/gym/src/NewMember.java</file>
            <file>file:/D:/gym/gym/src/UpdateAndDeleteMembers.java</file>
            <file>file:/D:/gym/gym/src/Payment.java</file>
            <file>file:/D:/gym/gym/src/ListOfMembers.java</file>
            <file>file:/D:/gym/gym/src/DbConnection.java</file>
            <file>file:/D:/gym/gym/build.xml</file>
        </group>
    </open-files>
</project-private>
